{"cameraMode":{"drawMode":0,"name":"Shaded","section":"Shading Mode"},"sceneLighting":true,"audioPlay":false,"sceneViewState":{"showFog":true,"showMaterialUpdate":false,"showSkybox":true,"showFlares":true,"showImageEffects":true,"showParticleSystems":true},"in2DMode":false,"pivot":{"x":2.8274154663085939,"y":-1.6285502910614014,"z":0.9059225916862488},"rotation":{"x":-0.11468088626861572,"y":-0.17224222421646119,"z":0.02019433304667473,"w":-0.9781516790390015},"size":6.758325099945068,"orthographic":false}