{"cameraMode":{"drawMode":0,"name":"Shaded","section":"Shading Mode"},"sceneLighting":true,"audioPlay":false,"sceneViewState":{"showFog":true,"showMaterialUpdate":false,"showSkybox":true,"showFlares":true,"showImageEffects":true,"showParticleSystems":true},"in2DMode":false,"pivot":{"x":3.5874955654144289,"y":0.8686552047729492,"z":-6.587584018707275},"rotation":{"x":0.10444743931293488,"y":-0.18475951254367829,"z":0.019752977415919305,"w":0.9770216345787048},"size":6.292744159698486,"orthographic":false}