{"cameraMode":{"drawMode":0,"name":"Shaded","section":"Shading Mode"},"sceneLighting":true,"audioPlay":false,"sceneViewState":{"showFog":true,"showMaterialUpdate":false,"showSkybox":true,"showFlares":true,"showImageEffects":true,"showParticleSystems":true},"in2DMode":false,"pivot":{"x":-3.167593002319336,"y":-1.9634637832641602,"z":5.80961799621582},"rotation":{"x":0.2511902451515198,"y":-0.5518674850463867,"z":0.17891213297843934,"w":0.77482670545578},"size":5.366025924682617,"orthographic":false}