{"cameraMode":{"drawMode":0,"name":"Shaded","section":"Shading Mode"},"sceneLighting":true,"audioPlay":false,"sceneViewState":{"showFog":true,"showMaterialUpdate":false,"showSkybox":true,"showFlares":true,"showImageEffects":true,"showParticleSystems":true},"in2DMode":false,"pivot":{"x":4.304538249969482,"y":0.3508431911468506,"z":-5.308110237121582},"rotation":{"x":0.11362665891647339,"y":-0.8648421168327332,"z":0.2268284261226654,"w":0.43323326110839846},"size":3.366438388824463,"orthographic":false}