{"cameraMode":{"drawMode":0,"name":"Shaded","section":"Shading Mode"},"sceneLighting":true,"audioPlay":false,"sceneViewState":{"showFog":true,"showMaterialUpdate":false,"showSkybox":true,"showFlares":true,"showImageEffects":true,"showParticleSystems":true},"in2DMode":false,"pivot":{"x":15.269330978393555,"y":10.362564086914063,"z":-11.600370407104493},"rotation":{"x":0.01318556908518076,"y":0.026091940701007844,"z":0.0003442355082370341,"w":-0.9995733499526978},"size":17.721960067749025,"orthographic":false}